{
    "defaults":
    {
        "colours":
        {
            "normal_bg": "#4C5052",
            "hovered_bg": "#63686B",
            "disabled_bg": "#cb6e61",
            "selected_bg": "#551A8B",
            "dark_bg": "#21282D",
            "disabled_dark_bg": "#db6671",
            "normal_text": "#eeeeee",
            "hovered_text": "#eeeeee",
            "selected_text": "#eeeeee",
            "disabled_text": "#eeeeee",
            "link_text": "#eeeeee",
            "link_hover": "#2020FF",
            "link_selected": "#551A8B",
            "text_shadow": "#777777",
            "normal_border": "#585C5E",
            "hovered_border": "#585C5E",
            "disabled_border": "#585C5E",
            "selected_border": "#585C5E",
            "filled_bar": "#444444",
            "unfilled_bar": "#CCCCCC"
        }
    },
    "dummy_load_montserrat": {
        "font": {
            "name": "montserrat",
            "size": "12",
            "regular_path": "./Montserrat-Regular.ttf"
        }
    },
    "dummy_load_montserrat14": {
        "font": {
            "name": "montserrat",
            "size": "14",
            "regular_path": "./Montserrat-Regular.ttf"
        }
    },
    "dummy_load_montserrat32": {
        "font": {
            "name": "montserrat",
            "size": "32",
            "regular_path": "./Montserrat-Regular.ttf"
        }
    },
    "#test_prototype_colours":
    {
        "colours":
        {
            "dark_bg": "#333333,#222222,180",
            "normal_border": "#ffB2A5",
            "normal_bg": "#fb9e91"
        }
    },

    
    "horizontal_slider":
    {
        "prototype": "#test_prototype_colours",

        "colours":
        {
            "dark_bg": "#fb86fb,#fd92A0,90"
        },
        "misc":
        {
            "shape": "rounded_rectangle",
            "shape_corner_radius": "10",
            "shadow_width": "2",
            "border_width": "1",
            "enable_arrow_buttons": "1"
        }
    },
    "horizontal_slider.@arrow_button":
    {
        "misc":
        {
            "shape": "rounded_rectangle",
            "shape_corner_radius": "8",
            "text_horiz_alignment_padding": "5"
        }
    },
    "horizontal_slider.#left_button":
    {
        "misc":
        {
            "text_horiz_alignment": "left"
        }
    },
    "horizontal_slider.#right_button":
    {
        "misc":
        {
            "text_horiz_alignment": "right"
        }
    },

    "vertical_scroll_bar":
    {
        "colours":
        {
            "selected_bg": "#fb9e91",
            "dark_bg": "#333333"
        }
    },

    "tool_tip.text_box":
    {
        "colours":
        {
            "dark_bg": "#fb9e91B0"
        },
        "misc":
        {
            "shape": "rounded_rectangle",
            "shape_corner_radius": "10",
            "padding": "8,8"
        }
    },


    "#everything_button":
    {
        "colours":
        {
            "normal_border": "#585C5E",
            "normal_text": "#FFFFFF"
        },
        "misc":
        {
            "shape": "square",
            "shadow_width": "2",
            "border_width": "1"
        }
    },

    "#text_box_1":
    {
        "colours":
        {
            "normal_border": "#585C5E",
            "normal_text": "#FFFFFF,#BBBBBB,90"
        },
        "misc":
        {
            "shape": "square",
            "shadow_width": "2",
            "border_width": "1"
        },
        "font":
        {
            "name": "montserrat",
            "size": "14"
        }
    },
    
    "#main_text_entry":
    {
        "colours":
        {
            "normal_border": "#585C5E",
            "normal_text": "#FFFFFF"
        },
        "misc":
        {
            "shape": "square",
            "shadow_width": "2",
            "border_width": "1"
        }
    },
    
    "text_entry_line":
    {
        "colours":
        {
            "selected_bg": "#fb0091A0,#20fdA0A0,0",
            "normal_text": "#FFFFFF,#FFA0A0,90",
            "selected_text": "#FFFFFF,#A0A0FF,90"
        },
        "misc":
        {
            "shape": "rounded_rectangle",
            "shape_corner_radius": "10",
            "border_width": "1",
            "padding": "2,2"
        }
    },

    "#drop_down_shape_prototype":
    {
        "misc":
        {
            "shape": "rounded_rectangle",
            "shape_corner_radius": "4"
        }
    },

    "drop_down_serial":
    {
        "prototype": "#drop_down_shape_prototype",

        "colours":
        {
            "dark_bg": "#fb9e91",
            "normal_border": "#585C5E,#FFB0FF,0",
            "normal_text": "#FFFFFF,#BBBBBB,90"
        },
        "misc":
        {
            "shadow_width": "2",
            "border_width": "1",
            "expand_direction": "down"
        }
    },

    "drop_down_serial.#drop_down_options_list":
    {
        "prototype": "#drop_down_shape_prototype",

        "misc":
        {
            "shadow_width": "2",
            "border_width": "1"
        }
    },

    "drop_down_serial.#drop_down_options_list.vertical_scroll_bar":
    {
        "misc":
        {
            "shadow_width": "0",
            "border_width": "1",
            "enable_arrow_buttons": "0"
        }
    },

    "drop_down_serial.#drop_down_options_list.button":
    {
        "prototype": "#drop_down_shape_prototype",

        "misc":
        {
            "shadow_width": "0",
            "border_width": "0",

            "state_transitions":
            {
                "normal_hovered": "0.2",
                "hovered_normal": "0.5"
            }
        }
    },

    "drop_down_serial.button":
    {
        "prototype": "#drop_down_shape_prototype",

        "misc":
        {
            "shadow_width": "0",
            "border_width": "0",
            "state_transitions":
            {
                "normal_hovered": "0.2",
                "hovered_normal": "0.5"
            }
        }
    },

    "screen_space_health_bar":
    {
        "colours":
        {
            "normal_text": "#FFFFFF"
        }
    },

    "#base_window":
    {
        "misc":
        {
            "border_width": "8"
        }
    },

    "#scaling_window":
    {
        "prototype": "#base_window",
        "misc":
        {
            "shadow_width": "1"
        }
    },

    "#everything_window.horizontal_slider":
    {
        "colours":
        {
            "dark_bg": "#fb8691,#fd92A0,180",
            "normal_border": "#ffB2A5",
            "normal_bg": "#fb9e91"
        },
        "misc":
        {
            "shape": "rounded_rectangle",
            "border_width": "2",
            "shadow_width": "1",
            "enable_arrow_buttons": "1"
        }
    },
    "#everything_window.horizontal_slider.#sliding_button":
    {
        "misc":
        {
            "shape": "ellipse",
            "border_width": "1",
            "shadow_width": "1"
        }
    },
    
    "#everything_window.label":
    {
        "colours":
        {
            "normal_text": "#0091fbFF,#20fdA0FF,90",
            "text_shadow": "#10101070"
        },
        "misc":
        {
            "text_shadow": "1",
            "text_shadow_size": "1",
            "text_shadow_offset": "0,0"
        }
    },
    "#everything_window.screen_space_health_bar":
    {
        "colours":
        {
            "normal_text": "#FFFFFF",
            "filled_bar": "#0091fbAA,#2060A0AA,90",
            "unfilled_bar": "#FF505090"
        },
        "misc":
        {
            "shadow_width": "1"
        }
    },

    
    "#fps_counter":
    {
        "colours":
        {
            "normal_text": "#FFFFFF"
        },
        "font":
        {
            "name": "montserrat",
            "size": "32"
        }
    },
    "#frame_timer":
    {
        "colours":
        {
            "normal_text": "#FFFFFF"
        },
        "font":
        {
            "name": "montserrat",
            "size": "14"
        }
    }
}
